insert into users (id, username, password, type)
values
(1, 'admin', '$2a$12$ODZxf/BGTU38wzmvTJAf/uuK4lKgV9J/yJUH.h3Sn4O8cNLi4ddf6', 'ADMIN'),
(2, 'nedstark', '$2a$12$ODZxf/BGTU38wzmvTJAf/uuK4lKgV9J/yJUH.h3Sn4O8cNLi4ddf6', 'TUTOR'),
(3, 'robertbaratheon', '$2a$12$ODZxf/BGTU38wzmvTJAf/uuK4lKgV9J/yJUH.h3Sn4O8cNLi4ddf6', 'TUTOR'),
(4, 'jonsnow', '$2a$12$ODZxf/BGTU38wzmvTJAf/uuK4lKgV9J/yJUH.h3Sn4O8cNLi4ddf6', 'TUTOR'),
(34, 'tormudgiantsbane', '$2a$12$ODZxf/BGTU38wzmvTJAf/uuK4lKgV9J/yJUH.h3Sn4O8cNLi4ddf6', 'STUDENT'),
(33, 'gendry', '$2a$12$ODZxf/BGTU38wzmvTJAf/uuK4lKgV9J/yJUH.h3Sn4O8cNLi4ddf6', 'STUDENT'),
(32, 'ygritte', '$2a$12$ODZxf/BGTU38wzmvTJAf/uuK4lKgV9J/yJUH.h3Sn4O8cNLi4ddf6', 'STUDENT'),
(31, 'talisamaegyr', '$2a$12$ODZxf/BGTU38wzmvTJAf/uuK4lKgV9J/yJUH.h3Sn4O8cNLi4ddf6', 'STUDENT'),
(30, 'tywinlannister', '$2a$12$ODZxf/BGTU38wzmvTJAf/uuK4lKgV9J/yJUH.h3Sn4O8cNLi4ddf6', 'STUDENT'),
(29, 'margaerytyrell', '$2a$12$ODZxf/BGTU38wzmvTJAf/uuK4lKgV9J/yJUH.h3Sn4O8cNLi4ddf6', 'STUDENT'),
(28, 'shae', '$2a$12$ODZxf/BGTU38wzmvTJAf/uuK4lKgV9J/yJUH.h3Sn4O8cNLi4ddf6', 'STUDENT'),
(27, 'varys', '$2a$12$ODZxf/BGTU38wzmvTJAf/uuK4lKgV9J/yJUH.h3Sn4O8cNLi4ddf6', 'STUDENT'),
(26, 'bronn', '$2a$12$ODZxf/BGTU38wzmvTJAf/uuK4lKgV9J/yJUH.h3Sn4O8cNLi4ddf6', 'STUDENT'),
(25, 'jearmormont', '$2a$12$ODZxf/BGTU38wzmvTJAf/uuK4lKgV9J/yJUH.h3Sn4O8cNLi4ddf6', 'STUDENT'),
(24, 'melisandre', '$2a$12$ODZxf/BGTU38wzmvTJAf/uuK4lKgV9J/yJUH.h3Sn4O8cNLi4ddf6', 'STUDENT'),
(23, 'stannisbaratheon', '$2a$12$ODZxf/BGTU38wzmvTJAf/uuK4lKgV9J/yJUH.h3Sn4O8cNLi4ddf6', 'STUDENT'),
(22, 'samwelltarly', '$2a$12$ODZxf/BGTU38wzmvTJAf/uuK4lKgV9J/yJUH.h3Sn4O8cNLi4ddf6', 'STUDENT'),
(21, 'davosseaworth', '$2a$12$ODZxf/BGTU38wzmvTJAf/uuK4lKgV9J/yJUH.h3Sn4O8cNLi4ddf6', 'STUDENT'),
(20, 'patyrbaelish', '$2a$12$ODZxf/BGTU38wzmvTJAf/uuK4lKgV9J/yJUH.h3Sn4O8cNLi4ddf6', 'STUDENT'),
(19, 'khaldrogo', '$2a$12$ODZxf/BGTU38wzmvTJAf/uuK4lKgV9J/yJUH.h3Sn4O8cNLi4ddf6', 'STUDENT'),
(18, 'tyrionlannister', '$2a$12$ODZxf/BGTU38wzmvTJAf/uuK4lKgV9J/yJUH.h3Sn4O8cNLi4ddf6', 'STUDENT'),
(17, 'sandorclegane', '$2a$12$ODZxf/BGTU38wzmvTJAf/uuK4lKgV9J/yJUH.h3Sn4O8cNLi4ddf6', 'STUDENT'),
(16, 'joffreybaratheon', '$2a$12$ODZxf/BGTU38wzmvTJAf/uuK4lKgV9J/yJUH.h3Sn4O8cNLi4ddf6', 'STUDENT'),
(15, 'branstark', '$2a$12$ODZxf/BGTU38wzmvTJAf/uuK4lKgV9J/yJUH.h3Sn4O8cNLi4ddf6', 'STUDENT'),
(14, 'theongreyjoy', '$2a$12$ODZxf/BGTU38wzmvTJAf/uuK4lKgV9J/yJUH.h3Sn4O8cNLi4ddf6', 'STUDENT'),
(13, 'aryastark', '$2a$12$ODZxf/BGTU38wzmvTJAf/uuK4lKgV9J/yJUH.h3Sn4O8cNLi4ddf6', 'STUDENT'),
(12, 'sansastark', '$2a$12$ODZxf/BGTU38wzmvTJAf/uuK4lKgV9J/yJUH.h3Sn4O8cNLi4ddf6', 'STUDENT'),
(11, 'robbstark', '$2a$12$ODZxf/BGTU38wzmvTJAf/uuK4lKgV9J/yJUH.h3Sn4O8cNLi4ddf6', 'STUDENT'),
(10, 'viserystargaryen', '$2a$12$ODZxf/BGTU38wzmvTJAf/uuK4lKgV9J/yJUH.h3Sn4O8cNLi4ddf6', 'STUDENT'),
(9, 'jorahmormont', '$2a$12$ODZxf/BGTU38wzmvTJAf/uuK4lKgV9J/yJUH.h3Sn4O8cNLi4ddf6', 'STUDENT'),
(8, 'daenerystargaryen', '$2a$12$ODZxf/BGTU38wzmvTJAf/uuK4lKgV9J/yJUH.h3Sn4O8cNLi4ddf6', 'STUDENT'),
(7, 'cerseilannister', '$2a$12$ODZxf/BGTU38wzmvTJAf/uuK4lKgV9J/yJUH.h3Sn4O8cNLi4ddf6', 'STUDENT'),
(6, 'catelynstark', '$2a$12$ODZxf/BGTU38wzmvTJAf/uuK4lKgV9J/yJUH.h3Sn4O8cNLi4ddf6', 'STUDENT'),
(5, 'jaimelannister', '$2a$12$ODZxf/BGTU38wzmvTJAf/uuK4lKgV9J/yJUH.h3Sn4O8cNLi4ddf6', 'STUDENT');

INSERT INTO groups (id, name) VALUES (1, 'gp1-1');
INSERT INTO groups (id, name) VALUES (2, 'gp1-2');
INSERT INTO groups (id, name) VALUES (3, 'gp1-3');
INSERT INTO groups (id, name) VALUES (4, 'gp2-1');
INSERT INTO groups (id, name) VALUES (5, 'gp2-2');
INSERT INTO groups (id, name) VALUES (6, 'gp2-3');

INSERT INTO students (id, name, group_id) VALUES (1, 'Jaime Lannister', 1);
INSERT INTO students (id, name, group_id) VALUES (2, 'Catelyn Stark', 1);
INSERT INTO students (id, name, group_id) VALUES (3, 'Cersei Lannister', 1);
INSERT INTO students (id, name, group_id) VALUES (4, 'Daenerys Targaryen', 1);
INSERT INTO students (id, name, group_id) VALUES (5, 'Jorah Mormont', 1);

INSERT INTO students (id, name, group_id) VALUES (6, 'Viserys Targaryen', 2);
INSERT INTO students (id, name, group_id) VALUES (7, 'Robb Stark', 2);
INSERT INTO students (id, name, group_id) VALUES (8, 'Sansa Stark', 2);
INSERT INTO students (id, name, group_id) VALUES (9, 'Arya Stark', 2);
INSERT INTO students (id, name, group_id) VALUES (10, 'Theon Greyjoy', 2);

INSERT INTO students (id, name, group_id) VALUES (11, 'Bran Stark', 3);
INSERT INTO students (id, name, group_id) VALUES (12, 'Joffrey Baratheon', 3);
INSERT INTO students (id, name, group_id) VALUES (13, 'Sandor "The Hound" Clegane', 3);
INSERT INTO students (id, name, group_id) VALUES (14, 'Tyrion Lannister', 3);
INSERT INTO students (id, name, group_id) VALUES (15, 'Khal Drogo', 3);

INSERT INTO students (id, name, group_id) VALUES (16, 'Petyr "Littlefinger" Baelish', 4);
INSERT INTO students (id, name, group_id) VALUES (17, 'Davos Seaworth', 4);
INSERT INTO students (id, name, group_id) VALUES (18, 'Samwell Tarly', 4);
INSERT INTO students (id, name, group_id) VALUES (19, 'Stannis Baratheon', 4);
INSERT INTO students (id, name, group_id) VALUES (20, 'Melisandre', 4);

INSERT INTO students (id, name, group_id) VALUES (21, 'Jeor Mormont', 5);
INSERT INTO students (id, name, group_id) VALUES (22, 'Bronn', 5);
INSERT INTO students (id, name, group_id) VALUES (23, 'Varys', 5);
INSERT INTO students (id, name, group_id) VALUES (24, 'Shae', 5);
INSERT INTO students (id, name, group_id) VALUES (25, 'Margaery Tyrell', 5);

INSERT INTO students (id, name, group_id) VALUES (26, 'Tywin Lannister', 6);
INSERT INTO students (id, name, group_id) VALUES (27, 'Talisa Maegyr', 6);
INSERT INTO students (id, name, group_id) VALUES (28, 'Ygritte', 6);
INSERT INTO students (id, name, group_id) VALUES (29, 'Gendry', 6);
INSERT INTO students (id, name, group_id) VALUES (30, 'Tormund Giantsbane', 6);


INSERT INTO tutors (id, name) VALUES (1, 'Jon Snow');
INSERT INTO tutors (id, name) VALUES (2, 'Robert Baratheon');
INSERT INTO tutors (id, name) VALUES (3, 'Eddard "Ned" Stark');

INSERT INTO courses (id, name, group_id, tutor_id) VALUES (1, 'Mathematics', 1, 1);
INSERT INTO courses (id, name, group_id, tutor_id) VALUES (2, 'History', 1, 2);
INSERT INTO courses (id, name, group_id, tutor_id) VALUES (3, 'Literature', 1, 3);
INSERT INTO courses (id, name, group_id, tutor_id) VALUES (4, 'Mathematics', 2, 1);
INSERT INTO courses (id, name, group_id, tutor_id) VALUES (5, 'History', 2, 2);
INSERT INTO courses (id, name, group_id, tutor_id) VALUES (6, 'Literature', 2, 3);
INSERT INTO courses (id, name, group_id, tutor_id) VALUES (7, 'Mathematics', 3, 1);
INSERT INTO courses (id, name, group_id, tutor_id) VALUES (8, 'History', 3, 2);
INSERT INTO courses (id, name, group_id, tutor_id) VALUES (9, 'Literature', 3, 3);

INSERT INTO topics (id, name, subject, course_id) VALUES (1, 'Algebra', 'Basics algebra', 1);
INSERT INTO topics (id, name, subject, course_id) VALUES (2, 'Geometry', 'Basics geometry', 1);
INSERT INTO topics (id, name, subject, course_id) VALUES (3, 'Probability theory', 'Basics probability theory', 1);
INSERT INTO topics (id, name, subject, course_id) VALUES (4, 'Algebra', 'Basics algebra', 4);
INSERT INTO topics (id, name, subject, course_id) VALUES (5, 'Geometry', 'Basics geometry', 4);
INSERT INTO topics (id, name, subject, course_id) VALUES (6, 'Probability theory', 'Basics probability theory', 4);
INSERT INTO topics (id, name, subject, course_id) VALUES (7, 'Algebra', 'Basics algebra', 7);
INSERT INTO topics (id, name, subject, course_id) VALUES (8, 'Geometry', 'Basics geometry', 7);
INSERT INTO topics (id, name, subject, course_id) VALUES (9, 'Probability theory', 'Basics probability theory', 7);

INSERT INTO topics (id, name, subject, course_id) VALUES (11, 'Ancient History', 'Ancient History', 2);
INSERT INTO topics (id, name, subject, course_id) VALUES (12, 'Middle ages', 'Middle ages', 2);
INSERT INTO topics (id, name, subject, course_id) VALUES (13, 'Modern History', 'Modern History', 2);
INSERT INTO topics (id, name, subject, course_id) VALUES (14, 'Ancient History', 'Ancient History', 5);
INSERT INTO topics (id, name, subject, course_id) VALUES (15, 'Middle ages', 'Middle ages', 5);
INSERT INTO topics (id, name, subject, course_id) VALUES (16, 'Modern History', 'Modern History', 5);
INSERT INTO topics (id, name, subject, course_id) VALUES (17, 'Ancient History', 'Ancient History', 8);
INSERT INTO topics (id, name, subject, course_id) VALUES (18, 'Middle ages', 'Middle ages', 8);
INSERT INTO topics (id, name, subject, course_id) VALUES (19, 'Modern History', 'Modern History', 8);

INSERT INTO topics (id, name, subject, course_id) VALUES (21, 'Classics', 'Sheakspear', 3);
INSERT INTO topics (id, name, subject, course_id) VALUES (22, 'Fantasy', 'Game Of Thrones', 3);
INSERT INTO topics (id, name, subject, course_id) VALUES (23, 'Foreign Literature', 'Foreign Literature', 3);
INSERT INTO topics (id, name, subject, course_id) VALUES (24, 'Classics', 'Sheakspear', 6);
INSERT INTO topics (id, name, subject, course_id) VALUES (25, 'Fantasy', 'Game Of Thrones', 6);
INSERT INTO topics (id, name, subject, course_id) VALUES (26, 'Foreign Literature', 'Foreign Literature', 6);
INSERT INTO topics (id, name, subject, course_id) VALUES (27, 'Classics', 'Sheakspear', 9);
INSERT INTO topics (id, name, subject, course_id) VALUES (28, 'Fantasy', 'Game Of Thrones', 9);
INSERT INTO topics (id, name, subject, course_id) VALUES (29, 'Foreign Literature', 'Foreign Literature', 9);

INSERT INTO timetable (id, valid_from, valid_till) VALUES (1, '2022-09-01 00:00:01', '2022-12-31 23:59:59');
INSERT INTO timetable (id, valid_from, valid_till) VALUES (2, '2023-01-01 00:00:01', '2023-06-30 23:59:59');

INSERT INTO day_of_week (id, date, timetable_id) VALUES (1, '2022-09-01', 1);
INSERT INTO day_of_week (id, date, timetable_id) VALUES (2, '2022-09-02', 1);
INSERT INTO day_of_week (id, date, timetable_id) VALUES (3, '2022-09-05', 1);
INSERT INTO day_of_week (id, date, timetable_id) VALUES (4, '2022-09-06', 1);
INSERT INTO day_of_week (id, date, timetable_id) VALUES (5, '2022-09-07', 1);
INSERT INTO day_of_week (id, date, timetable_id) VALUES (6, '2022-09-08', 1);
INSERT INTO day_of_week (id, date, timetable_id) VALUES (7, '2022-09-09', 1);
INSERT INTO day_of_week (id, date, timetable_id) VALUES (8, '2022-09-12', 1);
INSERT INTO day_of_week (id, date, timetable_id) VALUES (9, '2022-09-13', 1);
INSERT INTO day_of_week (id, date, timetable_id) VALUES (10, '2022-09-14', 1);
INSERT INTO day_of_week (id, date, timetable_id) VALUES (11, '2022-09-15', 1);
INSERT INTO day_of_week (id, date, timetable_id) VALUES (12, '2022-09-16', 1);
INSERT INTO day_of_week (id, date, timetable_id) VALUES (13, '2022-09-19', 1);
INSERT INTO day_of_week (id, date, timetable_id) VALUES (14, '2022-09-20', 1);
INSERT INTO day_of_week (id, date, timetable_id) VALUES (15, '2022-09-21', 1);
INSERT INTO day_of_week (id, date, timetable_id) VALUES (16, '2022-09-22', 1);
INSERT INTO day_of_week (id, date, timetable_id) VALUES (17, '2022-09-23', 1);
INSERT INTO day_of_week (id, date, timetable_id) VALUES (18, '2022-09-26', 1);
INSERT INTO day_of_week (id, date, timetable_id) VALUES (19, '2022-09-27', 1);
INSERT INTO day_of_week (id, date, timetable_id) VALUES (20, '2022-09-28', 1);
INSERT INTO day_of_week (id, date, timetable_id) VALUES (21, '2022-09-29', 1);
INSERT INTO day_of_week (id, date, timetable_id) VALUES (22, '2022-09-30', 1);
INSERT INTO day_of_week (id, date, timetable_id) VALUES (23, '2022-10-03', 1);
INSERT INTO day_of_week (id, date, timetable_id) VALUES (24, '2022-10-04', 1);
INSERT INTO day_of_week (id, date, timetable_id) VALUES (25, '2022-10-05', 1);
INSERT INTO day_of_week (id, date, timetable_id) VALUES (26, '2022-10-06', 1);
INSERT INTO day_of_week (id, date, timetable_id) VALUES (27, '2022-10-07', 1);
INSERT INTO day_of_week (id, date, timetable_id) VALUES (28, '2022-10-10', 1);
INSERT INTO day_of_week (id, date, timetable_id) VALUES (29, '2022-10-11', 1);
INSERT INTO day_of_week (id, date, timetable_id) VALUES (30, '2022-10-12', 1);
INSERT INTO day_of_week (id, date, timetable_id) VALUES (31, '2022-10-13', 1);
INSERT INTO day_of_week (id, date, timetable_id) VALUES (32, '2022-10-14', 1);
INSERT INTO day_of_week (id, date, timetable_id) VALUES (33, '2022-10-17', 1);
INSERT INTO day_of_week (id, date, timetable_id) VALUES (34, '2022-10-18', 1);
INSERT INTO day_of_week (id, date, timetable_id) VALUES (35, '2022-10-19', 1);
INSERT INTO day_of_week (id, date, timetable_id) VALUES (36, '2022-10-20', 1);
INSERT INTO day_of_week (id, date, timetable_id) VALUES (37, '2022-10-21', 1);
INSERT INTO day_of_week (id, date, timetable_id) VALUES (38, '2022-10-24', 1);
INSERT INTO day_of_week (id, date, timetable_id) VALUES (39, '2022-10-25', 1);
INSERT INTO day_of_week (id, date, timetable_id) VALUES (40, '2022-10-26', 1);
INSERT INTO day_of_week (id, date, timetable_id) VALUES (41, '2022-10-27', 1);
INSERT INTO day_of_week (id, date, timetable_id) VALUES (42, '2022-10-28', 1);
INSERT INTO day_of_week (id, date, timetable_id) VALUES (43, '2022-10-31', 1);
INSERT INTO day_of_week (id, date, timetable_id) VALUES (44, '2022-11-01', 1);
INSERT INTO day_of_week (id, date, timetable_id) VALUES (45, '2022-11-02', 1);

INSERT INTO lessons (id, hours, location, start, course_id, day_of_week_id, group_id, tutor_id) VALUES (1, 1, 'a101', '2022-09-01 08:00', 1, 1, 1, 1);
INSERT INTO lessons (id, hours, location, start, course_id, day_of_week_id, group_id, tutor_id) VALUES (2, 1, 'a101', '2022-09-01 09:00', 2, 1, 1, 2);
INSERT INTO lessons (id, hours, location, start, course_id, day_of_week_id, group_id, tutor_id) VALUES (3, 1, 'a101', '2022-09-01 10:00', 3, 1, 1, 3);
INSERT INTO lessons (id, hours, location, start, course_id, day_of_week_id, group_id, tutor_id) VALUES (4, 1, 'a102', '2022-09-01 08:00', 2, 1, 2, 2);
INSERT INTO lessons (id, hours, location, start, course_id, day_of_week_id, group_id, tutor_id) VALUES (5, 1, 'a102', '2022-09-01 09:00', 3, 1, 2, 3);
INSERT INTO lessons (id, hours, location, start, course_id, day_of_week_id, group_id, tutor_id) VALUES (6, 1, 'a102', '2022-09-01 10:00', 1, 1, 2, 1);
INSERT INTO lessons (id, hours, location, start, course_id, day_of_week_id, group_id, tutor_id) VALUES (7, 1, 'a103', '2022-09-01 08:00', 3, 1, 3, 3);
INSERT INTO lessons (id, hours, location, start, course_id, day_of_week_id, group_id, tutor_id) VALUES (8, 1, 'a103', '2022-09-01 09:00', 1, 1, 3, 1);
INSERT INTO lessons (id, hours, location, start, course_id, day_of_week_id, group_id, tutor_id) VALUES (9, 1, 'a103', '2022-09-01 10:00', 2, 1, 3, 2);
INSERT INTO lessons (id, hours, location, start, course_id, day_of_week_id, group_id, tutor_id) VALUES (10, 1, 'a101', '2022-09-02 08:00', 1, 2, 1, 1);
INSERT INTO lessons (id, hours, location, start, course_id, day_of_week_id, group_id, tutor_id) VALUES (11, 1, 'a101', '2022-09-02 09:00', 2, 2, 1, 2);
INSERT INTO lessons (id, hours, location, start, course_id, day_of_week_id, group_id, tutor_id) VALUES (12, 1, 'a101', '2022-09-02 10:00', 3, 2, 1, 3);
INSERT INTO lessons (id, hours, location, start, course_id, day_of_week_id, group_id, tutor_id) VALUES (13, 1, 'a102', '2022-09-02 08:00', 2, 2, 2, 2);
INSERT INTO lessons (id, hours, location, start, course_id, day_of_week_id, group_id, tutor_id) VALUES (14, 1, 'a102', '2022-09-02 09:00', 3, 2, 2, 3);
INSERT INTO lessons (id, hours, location, start, course_id, day_of_week_id, group_id, tutor_id) VALUES (15, 1, 'a102', '2022-09-02 10:00', 1, 2, 2, 1);
INSERT INTO lessons (id, hours, location, start, course_id, day_of_week_id, group_id, tutor_id) VALUES (16, 1, 'a103', '2022-09-02 08:00', 3, 2, 3, 3);
INSERT INTO lessons (id, hours, location, start, course_id, day_of_week_id, group_id, tutor_id) VALUES (17, 1, 'a103', '2022-09-02 09:00', 1, 2, 3, 1);
INSERT INTO lessons (id, hours, location, start, course_id, day_of_week_id, group_id, tutor_id) VALUES (18, 1, 'a103', '2022-09-02 10:00', 2, 2, 3, 2);
INSERT INTO lessons (id, hours, location, start, course_id, day_of_week_id, group_id, tutor_id) VALUES (19, 1, 'a101', '2022-09-05 08:00', 1, 3, 1, 1);
INSERT INTO lessons (id, hours, location, start, course_id, day_of_week_id, group_id, tutor_id) VALUES (20, 1, 'a101', '2022-09-05 09:00', 2, 3, 1, 2);
INSERT INTO lessons (id, hours, location, start, course_id, day_of_week_id, group_id, tutor_id) VALUES (21, 1, 'a101', '2022-09-05 10:00', 3, 3, 1, 3);
INSERT INTO lessons (id, hours, location, start, course_id, day_of_week_id, group_id, tutor_id) VALUES (22, 1, 'a102', '2022-09-05 08:00', 2, 3, 2, 2);
INSERT INTO lessons (id, hours, location, start, course_id, day_of_week_id, group_id, tutor_id) VALUES (23, 1, 'a102', '2022-09-05 09:00', 3, 3, 2, 3);
INSERT INTO lessons (id, hours, location, start, course_id, day_of_week_id, group_id, tutor_id) VALUES (24, 1, 'a102', '2022-09-05 10:00', 1, 3, 2, 1);
INSERT INTO lessons (id, hours, location, start, course_id, day_of_week_id, group_id, tutor_id) VALUES (25, 1, 'a103', '2022-09-05 08:00', 3, 3, 3, 3);
INSERT INTO lessons (id, hours, location, start, course_id, day_of_week_id, group_id, tutor_id) VALUES (26, 1, 'a103', '2022-09-05 09:00', 1, 3, 3, 1);
INSERT INTO lessons (id, hours, location, start, course_id, day_of_week_id, group_id, tutor_id) VALUES (27, 1, 'a103', '2022-09-05 10:00', 2, 3, 3, 2);